"PlotCode","PanelCode","inv_cov_1","inv_cov_2","inv_cov_3","inv_cov_4","numspp_1","numspp_2","numspp_3","numspp_4"
229,"3",0.15,1.25,0.025,0.3,3,6,6,9
231,"3",0.0916666666666667,1.5,0.716666666666667,0.416666666666667,4,8,8,9
236,"3",0.95,2.05,1.3,5.58333333333333,5,9,9,9
237,"3",5.61666666666667,4.38333333333333,4.86666666666667,1.80833333333333,3,4,7,6
