"PlotCode","PanelCode","inv_cov_1","inv_cov_2","inv_cov_3","inv_cov_4","numspp_1","numspp_2","numspp_3","numspp_4"
130,"2",0.608333333333333,30.3166666666667,30.6666666666667,73.825,1,4,5,5
132,"2",8.09166666666667,18.0833333333333,24.525,33.7333333333333,2,4,4,4
212,"3",0.325,0.333333333333333,2.49166666666667,56.0583333333333,3,5,4,4
217,"3",0.025,0.0166666666666667,0.0166666666666667,0,1,2,1,1
292,"4",0,0.025,0,0,0,4,1,2
293,"4",10.95,32.15,8.86666666666667,59.525,3,4,5,6
325,"1",1.025,2.7,23.6416666666667,3.6,4,4,4,6
326,"1",0.225,11.5,19.8,1.01666666666667,3,3,3,3
