"PlotCode","PanelCode","inv_cov_1","inv_cov_2","inv_cov_3","inv_cov_4","numspp_1","numspp_2","numspp_3","numspp_4"
143,"2",13.6833333333333,15.5916666666667,25.3083333333333,7.6,3,3,3,3
144,"2",0,0,0,0,0,0,0,0
214,"3",0,5.53333333333333,16.4,15.0416666666667,0,4,3,3
218,"3",0.175,0.716666666666667,0.325,0.6,2,2,1,2
294,"4",0,0,0,0,2,2,2,2
295,"4",0.191666666666667,1.61666666666667,0.466666666666667,1.73333333333333,1,4,3,4
320,"1",0.141666666666667,5.16666666666667,5.41666666666667,7.675,1,2,3,3
321,"1",0.908333333333333,8.075,53.0333333333333,60.0833333333333,3,3,3,3
