"PlotCode","PanelCode","inv_cov_1","inv_cov_2","inv_cov_3","inv_cov_4","numspp_1","numspp_2","numspp_3","numspp_4"
5,"1",2.88333333333333,1.81666666666667,0.958333333333333,3.225,2,3,3,5
6,"1",3.80833333333333,0.425,0.925,1.14166666666667,2,2,2,3
94,"2",0.175,0.825,0.191666666666667,0.0666666666666667,1,1,1,2
95,"2",0.0916666666666667,0.0916666666666667,0.491666666666667,0.333333333333333,1,1,1,1
181,"3",0.0916666666666667,0.0583333333333333,0.075,0.216666666666667,3,3,3,3
182,"3",0.216666666666667,0.316666666666667,11.7,5.46666666666667,3,2,3,3
260,"4",0,0,0,0.0166666666666667,0,0,0,2
261,"4",0.00833333333333333,0,0,0.075,1,1,1,2
